aiannh_ce,aiannh_ns,aiannh_name,area_type,states
0010,01934337,Acoma Pueblo,reservation,NM
0020,01934324,Agua Caliente Indian Reservation,reservation,CA
0050,01350923,Alabama-Coushatta Reservation,reservation,TX
0080,00978667,Allegany Reservation,reservation,NY
0095,00218194,Alturas Indian Rancheria,reservation,CA
0110,01934114,Annette Island Reserve,reservation,AK
0115,02562463,Aroostook Band of Micmac Trust Land,reservation,ME
0120,00218454,Auburn Rancheria,reservation,CA
0125,00238830,Augustine Reservation,reservation,CA
0140,01577209,Bad River Reservation,reservation,WI
0155,00255962,Barona Reservation,reservation,CA
0165,00838653,Battle Mountain Reservation,reservation,NV
0170,01622234,Bay Mills Reservation,reservation,MI
0185,02419307,Benton Paiute Reservation,reservation,CA
0200,00256849,Berry Creek Rancheria,reservation,CA
0215,00256889,Big Bend Rancheria,reservation,CA
0225,01934321,Big Cypress Reservation,reservation,FL
0240,00219211,Big Lagoon Rancheria,reservation,CA
0250,00256983,Big Pine Reservation,reservation,CA
0265,01667416,Big Sandy Rancheria,reservation,CA
0275,00219277,Big Valley Rancheria,reservation,CA
0290,00264455,Bishop Reservation,reservation,CA
0305,00806895,Blackfeet Indian Reservation,reservation,MT
0325,02419316,Blue Lake Rancheria,reservation,CA
0335,02105053,Bois Forte Reservation,reservation,MN
0350,02419320,Bridgeport Reservation,reservation,CA
0360,00300151,Brighton Reservation,reservation,FL
0400,01118340,Burns Paiute Indian Colony,reservation,OR
0415,01985192,Cabazon Reservation,reservation,CA
0435,00270144,Cahuilla Reservation,reservation,CA
0440,00848690,Campbell Ranch,reservation,NV
0450,00270242,Campo Indian Reservation,reservation,CA
0495,00240225,Capitan Grande Reservation,reservation,CA
0510,00859157,Carson Colony,reservation,NV
0525,01233634,Catawba Reservation,reservation,SC
0540,00978804,Cattaraugus Reservation,reservation,NY
0555,00220808,Cedarville Rancheria,reservation,CA
0560,02419333,Celilo Village,reservation,OR
0575,01503930,Chehalis Reservation,reservation,WA
0585,00255956,Chemehuevi Reservation,reservation,CA
0605,01267254,Cheyenne River Reservation,reservation,SD
0620,02419337,Chicken Ranch Rancheria,reservation,CA
0635,02419340,Chitimacha Reservation,reservation,LA
0680,00937176,Pueblo de Cochiti,reservation,NM
0690,02418876,Coconut Creek Trust Land,reservation,FL
0695,00003089,Cocopah Reservation,reservation,AZ
0705,00395231,Coeur d'Alene Reservation,reservation,ID
0720,00276284,Cold Springs Rancheria,reservation,CA
0735,00022753,Colorado River Indian Reservation,reservation,AZ~CA
0750,02418877,Colusa Rancheria,reservation,CA
0760,01529464,Colville Reservation,reservation,WA
0770,02418879,"Coos, Lower Umpqua, and Siuslaw Reservation",reservation,OR
0775,02418881,Coquille Reservation,reservation,OR
0780,00221603,Cortina Indian Rancheria,reservation,CA
0795,00545438,Coushatta Reservation,reservation,LA
0815,02418898,Cow Creek Reservation,reservation,OR
0820,02772245,Cowlitz Reservation,reservation,WA
0825,01985199,Coyote Valley Reservation,reservation,CA
0845,00806896,Crow Reservation,reservation,MT
0855,01267067,Crow Creek Reservation,reservation,SD
0940,00862214,Dresslerville Colony,reservation,NV
0955,00222639,Dry Creek Rancheria,reservation,CA
0965,00858264,Duck Valley Reservation,reservation,ID~NV
0975,00845441,Duckwater Reservation,reservation,NV
0990,01018039,Eastern Cherokee Reservation,reservation,NC
1005,00856239,Elko Colony,other,NV
1010,01657318,Elk Valley Rancheria,other,CA
1040,00859672,Ely Reservation,other,NV
1055,00259950,Enterprise Rancheria,other,CA
1065,00241187,Ewiiaapaayp Reservation,other,CA
1070,00850495,Fallon Paiute-Shoshone Colony,other,NV
1075,00840414,Fallon Paiute-Shoshone Reservation,other,NV
1100,01934365,Flandreau Reservation,other,SD
1110,00806894,Flathead Reservation,other,MT
1125,00654521,Fond du Lac Reservation,other,MN~WI
1135,02418936,Forest County Potawatomi Community,other,WI
1140,00004741,Fort Apache Reservation,other,AZ
1150,00767938,Fort Belknap Reservation,other,MT
1160,01934325,Fort Berthold Reservation,other,ND
1170,00260275,Fort Bidwell Reservation,other,CA
1185,00399059,Fort Hall Reservation,other,ID
1195,00260277,Fort Independence Reservation,other,CA
1210,00859740,Fort McDermitt Indian Reservation,other,NV~OR
1220,00036978,Fort McDowell Yavapai Nation Reservation,other,AZ
1235,00024003,Fort Mojave Reservation,other,AZ~CA~NV
1250,00805884,Fort Peck Indian Reservation,other,MT
1260,02418940,Fort Pierce Reservation,other,FL
1270,02711352,Fort Sill Apache Indian Reservation,other,NM
1280,00242378,Fort Yuma Indian Reservation,other,AZ~CA
1310,00023998,Gila River Indian Reservation,other,AZ
1340,01455300,Goshute Reservation,other,NV~UT
1355,00654523,Grand Portage Reservation,other,MN
1365,02418950,Grand Ronde Community,other,OR
1370,02418951,Grand Traverse Reservation,other,MI
1380,01666180,Greenville Rancheria,other,CA
1395,00266781,Grindstone Indian Rancheria,other,CA
1400,00224709,Guidiville Rancheria,other,CA
1410,01616983,Hannahville Indian Community,other,MI
1440,00045638,Havasupai Reservation,other,AZ
1450,02418963,Ho-Chunk Nation Reservation,other,MN~WI
1460,01505548,Hoh Indian Reservation,other,WA
1475,00284183,Hollywood Reservation,other,FL
1490,00251972,Hoopa Valley Reservation,other,CA
1505,00024001,Hopi Reservation,other,AZ
1515,00225577,Hopland Rancheria,other,CA
1530,02418969,Houlton Maliseet Reservation,other,ME
1545,00045633,Hualapai Indian Reservation,other,AZ
1550,02109298,Huron Potawatomi Reservation,other,MI
1555,02418972,Immokalee Reservation,other,FL
1560,00243797,Inaja and Cosmit Reservation,other,CA
1575,02418973,Indian Township Reservation,other,ME
1590,00479831,Iowa (KS-NE) Reservation,other,KS~NE
1610,01616981,Isabella Reservation,other,MI
1625,01934338,Isleta Pueblo,other,NM
1640,00226085,Jackson Rancheria,other,CA
1655,02418978,Jamestown S'Klallam Reservation,other,WA
1670,02418979,Jamul Indian Village,other,CA
1685,00916031,Jemez Pueblo,other,NM
1690,02453210,Jena Band of Choctaw Reservation,other,LA
1700,01934339,Jicarilla Apache Nation Reservation,other,NM
1720,00023994,Kaibab Indian Reservation,other,AZ
1735,01528426,Kalispel Reservation,other,WA
1750,02418982,Karuk Reservation,other,CA
1770,00479833,Kickapoo (KS) Reservation,other,KS
1775,02418986,Kickapoo (TX) Reservation,other,TX
1785,02418990,Klamath Reservation,other,OR
1800,00394860,Kootenai Reservation,other,ID
1815,01577192,Lac Courte Oreilles Reservation,other,WI
1825,01580845,Lac du Flambeau Reservation,other,WI
1830,02418993,Lac Vieux Desert Reservation,other,MI
1840,01934340,Laguna Pueblo,other,NM
1850,00271928,La Jolla Reservation,other,CA
1860,01934336,Lake Traverse Reservation,other,ND~SD
1880,01616978,L'Anse Reservation,other,MI
1895,00255947,La Posta Indian Reservation,other,CA
1915,00853945,Las Vegas Indian Colony,other,NV
1925,00226975,Laytonville Rancheria,other,CA
1940,00659096,Leech Lake Reservation,other,MN
1955,00276402,Likely Rancheria,other,CA
1960,02418998,Little River Reservation,other,MI
1963,02419000,Little Traverse Bay Reservation,other,MI
1970,00275865,Lone Pine Reservation,other,CA
1980,00227643,Lookout Rancheria,other,CA
1995,00272219,Los Coyotes Reservation,other,CA
2015,00850417,Lovelock Indian Colony,other,NV
2030,01267015,Lower Brule Reservation,other,SD
2040,01528424,Lower Elwha Reservation,other,WA
2055,00647264,Lower Sioux Indian Community,other,MN
2070,01511578,Lummi Reservation,other,WA
2075,00227877,Lytton Rancheria,other,CA
2085,01511577,Makah Indian Reservation,other,WA
2100,01985200,Manchester-Point Arena Rancheria,other,CA
2115,00245463,Manzanita Reservation,other,CA
2130,00023997,Maricopa (Ak Chin) Indian Reservation,other,AZ
2145,00212541,Mashantucket Pequot Reservation,other,CT
2147,02786720,Mashpee Wampanoag Trust Land,other,MA
2150,02547776,Match-e-be-nash-she-wish Band of Pottawatomi Reservation,other,MI
2175,01831784,Menominee Reservation,other,WI
2190,02419013,Mesa Grande Reservation,other,CA
2205,00924240,Mescalero Reservation,other,NM
2240,00307483,Miccosukee Reservation,other,FL
2255,00228627,Middletown Rancheria,other,CA
2270,02419017,Mille Lacs Reservation,other,MN
2285,02419018,Minnesota Chippewa Trust Land,other,MN
2300,00685014,Mississippi Choctaw Reservation,other,MS~TN
2315,00845336,Moapa River Indian Reservation,other,NV
2320,02419022,Mohegan Reservation,other,CT
2330,00263771,Montgomery Creek Rancheria,other,CA
2340,02419023,Mooretown Rancheria,other,CA
2360,00255940,Morongo Reservation,other,CA
2375,01533394,Muckleshoot Reservation,other,WA
2400,00918263,Nambe Pueblo,other,NM
2415,02030138,Narragansett Reservation,other,RI
2430,00041148,Navajo Nation Reservation,other,AZ~NM~UT
2445,00399588,Nez Perce Reservation,other,ID
2460,01528422,Nisqually Reservation,other,WA
2475,02419035,Nooksack Reservation,other,WA
2490,01637567,Northern Cheyenne Indian Reservation,other,MT~SD
2495,02419036,North Fork Rancheria,other,CA
2505,01455571,Northwestern Shoshone Reservation,other,UT
2510,01934344,Ohkay Owingeh,other,NM
2535,00959239,Oil Springs Reservation,other,NY
2550,00834985,Omaha Reservation,other,IA~NE
2555,02419043,Oneida Nation Reservation,other,NY
2560,01577191,Oneida (WI) Reservation,other,WI
2570,00979312,Onondaga Nation Reservation,other,NY
2580,01934329,Ontonagon Reservation,other,MI
2595,01100113,Osage Reservation,other,OK
2625,01436088,Paiute (UT) Reservation,other,UT
2635,00272502,Pala Reservation,other,CA
2680,02419049,Pascua Pueblo Yaqui Reservation,other,AZ
2685,02419050,Paskenta Rancheria,other,CA
2695,02419052,Passamaquoddy Trust Land,other,ME
2715,00272896,Pauma and Yuima Reservation,other,CA
2745,00272911,Pechanga Reservation,other,CA
2760,00582669,Penobscot Reservation,other,ME
2775,01670201,Picayune Rancheria,other,CA
2785,01934341,Picuris Pueblo,other,NM
2810,01263144,Pine Ridge Reservation,other,NE~SD
2820,00230747,Pinoleville Rancheria,other,CA
2835,02419056,Pit River Trust Land,other,CA
2850,00573503,Pleasant Point Reservation,other,ME
2865,02419057,Poarch Creek Reservation,other,AL~FL
2890,02419058,Pokagon Reservation,other,IN~MI
2900,02419061,Ponca (NE) Trust Land,other,IA~NE
2910,01507567,Port Gamble Reservation,other,WA
2925,01507571,Port Madison Reservation,other,WA
2980,01934332,Prairie Band of Potawatomi Nation Reservation,other,KS
2985,00654519,Prairie Island Indian Community,other,MN
2990,00937193,Pueblo of Pojoaque,other,NM
3000,01514929,Puyallup Reservation,other,WA
3010,00857503,Pyramid Lake Paiute Reservation,other,NV
3020,00265103,Quartz Valley Reservation,other,CA
3030,01511646,Quileute Reservation,other,WA
3040,01531838,Quinault Reservation,other,WA
3070,00273181,Ramona Village,other,CA
3085,01577204,Red Cliff Reservation,other,WI
3095,01682404,Redding Rancheria,other,CA
3100,01934331,Red Lake Reservation,other,MN
3115,00231455,Redwood Valley Rancheria,other,CA
3130,00853944,Reno-Sparks Indian Colony,other,NV
3145,01657342,Resighini Rancheria,other,CA
3165,00273286,Rincon Reservation,other,CA
3185,00265444,Roaring Creek Rancheria,other,CA
3195,00234577,Robinson Rancheria,other,CA
3205,00767936,Rocky Boy's Reservation,other,MT
3220,00231831,Rohnerville (Rancheria) Trust Land,other,CA
3235,01266248,Rosebud Indian Reservation,other,SD
3250,00267196,Round Valley Reservation,other,CA
3265,00232012,Rumsey Indian Rancheria,other,CA
3280,00463420,Sac and Fox/Meskwaki Settlement,other,IA
3285,00479832,Sac and Fox Nation Reservation,other,KS~NE
3305,01843172,St. Croix Reservation,other,WI
3320,00979449,St. Regis Mohawk Reservation,other,NY
3340,00037072,Salt River Reservation,other,AZ
3355,00024000,San Carlos Reservation,other,AZ
3370,01934343,Sandia Pueblo,other,NM
3400,00910614,San Felipe Pueblo,other,NM
3415,00918342,San Ildefonso Pueblo,other,NM
3445,00248904,San Manuel Reservation,other,CA
3460,00255933,San Pasqual Reservation,other,CA
3480,01934345,Santa Ana Pueblo,other,NM
3495,00937196,Santa Clara Pueblo,other,NM
3520,00247949,Santa Rosa Rancheria,other,CA
3525,01934330,Santa Rosa Reservation,other,CA
3540,00249132,Santa Ynez Reservation,other,CA
3550,00255932,Santa Ysabel Reservation,other,CA
3565,01884912,Santee Reservation,other,NE
3585,00937201,Santo Domingo Pueblo,other,NM
3625,02419131,Sauk-Suiattle Reservation,other,WA
3635,02419132,Sault Ste. Marie Reservation,other,MI
3665,02419138,Seminole (FL) Trust Land,other,FL
3680,00649741,Shakopee Mdewakanton Sioux Community,other,MN~SD
3735,00232986,Sherwood Valley Rancheria,other,CA
3750,00233021,Shingle Springs Rancheria,other,CA
3780,01508317,Shoalwater Bay Indian Reservation,other,WA
3795,01155124,Siletz Reservation,other,OR
3825,01525866,Skokomish Reservation,other,WA
3840,01445643,Skull Valley Reservation,other,UT
3855,00274833,Smith River Rancheria,other,CA
3860,02419473,Snoqualmie Reservation,other,WA
3870,00249635,Soboba Reservation,other,CA
3885,01577206,Sokaogon Chippewa Community,other,WI
3925,00169585,Southern Ute Reservation,other,CO
3930,00861680,South Fork Reservation,other,NV
3935,01934326,Spirit Lake Reservation,other,ND
3940,01511576,Spokane Reservation,other,WA
3955,01508671,Squaxin Island Reservation,other,WA
3970,01934335,Standing Rock Reservation,other,ND~SD
3980,02419480,Stewart Community,other,NV
3985,00235473,Stewarts Point Rancheria,other,CA
4000,02419481,Stillaguamish Reservation,other,WA
4015,01577203,Stockbridge Munsee Community,other,WI
4030,00267889,Sulphur Bank Rancheria,other,CA
4045,00858261,Summit Lake Reservation,other,NV
4060,00235836,Susanville Indian Rancheria,other,CA
4075,01528418,Swinomish Reservation,other,WA
4090,00273630,Sycuan Reservation,other,CA
4095,01665550,Table Bluff Reservation,other,CA
4110,02419484,Table Mountain Rancheria,other,CA
4130,02419488,Tampa Reservation,other,FL
4140,01934342,Taos Pueblo,other,NM
4170,00937203,Tesuque Pueblo,other,NM
4180,02419492,Timbi-Sha Shoshone Reservation,other,CA~NV
4200,00023763,Tohono O'odham Nation Reservation,other,AZ
4225,00979554,Tonawanda Reservation,other,NY
4235,00032748,Tonto Apache Reservation,other,AZ
4255,00255924,Torres-Martinez Reservation,other,CA
4275,00268407,Trinidad Rancheria,other,CA
4290,01511575,Tulalip Reservation,other,WA
4300,00275158,Tule River Reservation,other,CA
4315,02419503,Tunica-Biloxi Reservation,other,LA
4330,00236635,Tuolumne Rancheria,other,CA
4345,01934334,Turtle Mountain Reservation,other,MT~ND~SD
4360,00979564,Tuscarora Nation Reservation,other,NY
4375,00250737,Twenty-Nine Palms Reservation,other,CA
4390,01448012,Uintah and Ouray Reservation,other,UT
4405,01159100,Umatilla Reservation,other,OR~WA
4430,01654496,Upper Lake Rancheria,other,CA
4445,00653567,Upper Sioux Community,other,MN
4455,02419510,Upper Skagit Reservation,other,WA
4470,00169579,Ute Mountain Reservation,other,CO~NM~UT
4500,00251037,Viejas Reservation,other,CA
4515,00857504,Walker River Reservation,other,NV
4530,02419514,Wampanoag-Aquinnah Trust Land,other,MA
4545,01133438,Warm Springs Reservation,other,OR
4560,02419516,Washoe Ranches Trust Land,other,CA~NV
4580,00849846,Wells Colony,other,NV
4595,01934333,White Earth Reservation,other,MN
4610,01597068,Wind River Reservation,other,WY
4625,00834982,Winnebago Reservation,other,IA~NE
4635,00849652,Winnemucca Indian Colony,other,NV
4665,01985241,Woodfords Community,other,CA
4680,00252581,XL Ranch Rancheria,other,CA
4690,01502906,Yakama Nation Reservation,other,WA
4700,01891160,Yankton Reservation,other,SD
4708,00027214,Yavapai-Apache Nation Reservation,other,AZ
4710,00036443,Yavapai-Prescott Reservation,other,AZ
4725,00848133,Yerington Colony,other,NV
4740,00862119,Yomba Reservation,other,NV
4755,02419529,Ysleta del Sur Pueblo,other,TX
4760,02419530,Yurok Reservation,other,CA
4770,01934347,Zia Pueblo,other,NM
4785,01934346,Zuni Reservation,other,AZ~NM
4910,02418987,Kickapoo (KS) Reservation/Sac and Fox Nation Trust Land joint-use area,other,KS
4930,02419124,San Felipe Pueblo/Santa Ana Pueblo joint-use area,other,NM
4940,02419125,San Felipe Pueblo/Santo Domingo Pueblo joint-use area,other,NM
5003,02634609,Anahola (Agricultural) Hawaiian Home Land,hawaiian_home_land,HI
5004,02634610,Anahola (Residential) Hawaiian Home Land,hawaiian_home_land,HI
5008,02634611,East Kapolei Hawaiian Home Land,hawaiian_home_land,HI
5009,02634612,Haiku Hawaiian Home Land,hawaiian_home_land,HI
5011,00359057,Hanapepe Hawaiian Home Land,hawaiian_home_land,HI
5018,02634613,Homuula-Upper Piihonua Hawaiian Home Land,hawaiian_home_land,HI
5026,00359289,Honokaia Hawaiian Home Land,hawaiian_home_land,HI
5029,01853346,Honokowai Hawaiian Home Land,hawaiian_home_land,HI
5030,01853354,Honolulu Makai Hawaiian Home Land,hawaiian_home_land,HI
5031,01853338,Honomu Hawaiian Home Land,hawaiian_home_land,HI
5033,01853339,Hoolehua-Palaau Hawaiian Home Land,hawaiian_home_land,HI
5041,00359755,Kahikinui Hawaiian Home Land,hawaiian_home_land,HI
5043,02634614,Kakaina-Kumuhau Hawaiian Home Land,hawaiian_home_land,HI
5044,02634615,Kalaeloa Hawaiian Home Land,hawaiian_home_land,HI
5046,01853005,Kalamaula Hawaiian Home Land,hawaiian_home_land,HI
5051,00360095,Kalaupapa Hawaiian Home Land,hawaiian_home_land,HI
5053,02634616,Kalawahine Hawaiian Home Land,hawaiian_home_land,HI
5056,01853340,Kamaoa-Puueo Hawaiian Home Land,hawaiian_home_land,HI
5061,02634617,Kamiloloa-Makakupaia Hawaiian Home Land,hawaiian_home_land,HI
5066,01853341,Kamoku-Kapulena Hawaiian Home Land,hawaiian_home_land,HI
5067,02634618,Kanehili Hawaiian Home Land,hawaiian_home_land,HI
5069,00362767,Kaohe-Olaa Hawaiian Home Land,hawaiian_home_land,HI
5071,00360456,Kapaa Hawaiian Home Land,hawaiian_home_land,HI
5076,00360469,Kapaakea Hawaiian Home Land,hawaiian_home_land,HI
5083,02414178,Kapolei Hawaiian Home Land,hawaiian_home_land,HI
5086,00360700,Kaumana Hawaiian Home Land,hawaiian_home_land,HI
5088,02634619,Kaupea Hawaiian Home Land,hawaiian_home_land,HI
5091,01853020,Kawaihae Hawaiian Home Land,hawaiian_home_land,HI
5098,02634620,Keahuolu Hawaiian Home Land,hawaiian_home_land,HI
5101,01853342,Kealakehe Hawaiian Home Land,hawaiian_home_land,HI
5104,00360975,Keanae-Wailua Hawaiian Home Land,hawaiian_home_land,HI
5106,01853343,Keaukaha Hawaiian Home Land,hawaiian_home_land,HI
5111,01853344,Kekaha Hawaiian Home Land,hawaiian_home_land,HI
5114,02634621,Keokea (Agricultural) Hawaiian Home Land,hawaiian_home_land,HI
5116,00361139,Keoniki Hawaiian Home Land,hawaiian_home_land,HI
5120,02634622,Kewalo Hawaiian Home Land,hawaiian_home_land,HI
5123,00360067,Kolaoa Hawaiian Home Land,hawaiian_home_land,HI
5133,02414179,Lalamilo Hawaiian Home Land,hawaiian_home_land,HI
5134,02634623,Lanai City Hawaiian Home Land,hawaiian_home_land,HI
5135,02634624,Leialii Hawaiian Home Land,hawaiian_home_land,HI
5136,00361918,Lualualei Hawaiian Home Land,hawaiian_home_land,HI
5138,02634625,Maili Hawaiian Home Land,hawaiian_home_land,HI
5139,02634626,Makaha Valley Hawaiian Home Land,hawaiian_home_land,HI
5146,00362126,Makuu Hawaiian Home Land,hawaiian_home_land,HI
5148,02634627,Maluohai Hawaiian Home Land,hawaiian_home_land,HI
5156,00362464,Moloaa Hawaiian Home Land,hawaiian_home_land,HI
5161,00362574,Nanakuli Hawaiian Home Land,hawaiian_home_land,HI
5166,00362640,Nienie Hawaiian Home Land,hawaiian_home_land,HI
5176,01853349,Panaewa (Agricultural) Hawaiian Home Land,hawaiian_home_land,HI
5177,01853352,Panaewa (Residential) Hawaiian Home Land,hawaiian_home_land,HI
5179,02634628,Papakolea Hawaiian Home Land,hawaiian_home_land,HI
5181,00363180,Pauahi Hawaiian Home Land,hawaiian_home_land,HI
5186,01853350,Paukukalo Hawaiian Home Land,hawaiian_home_land,HI
5188,02634629,Pearl City Hawaiian Home Land,hawaiian_home_land,HI
5193,02634630,Piihonua Hawaiian Home Land,hawaiian_home_land,HI
5196,02634631,Ponohawaii Hawaiian Home Land,hawaiian_home_land,HI
5198,02634632,Princess Kahanu Estates Hawaiian Home Land,hawaiian_home_land,HI
5199,02414182,Pulehunui Hawaiian Home Land,hawaiian_home_land,HI
5201,00364148,Puukapu Hawaiian Home Land,hawaiian_home_land,HI
5213,01853356,South Maui Hawaiian Home Land,hawaiian_home_land,HI
5216,01853355,Ualapue Hawaiian Home Land,hawaiian_home_land,HI
5222,02634633,Upolu Hawaiian Home Land,hawaiian_home_land,HI
5223,02634634,Waiahole Hawaiian Home Land,hawaiian_home_land,HI
5236,00364489,Waiakea Hawaiian Home Land,hawaiian_home_land,HI
5238,01853126,Waianae Hawaiian Home Land,hawaiian_home_land,HI
5239,02634648,Waianae Kai Hawaiian Home Land,hawaiian_home_land,HI
5241,00364587,Waiehu Hawaiian Home Land,hawaiian_home_land,HI
5248,02634649,Waiku-Hana Hawaiian Home Land,hawaiian_home_land,HI
5251,00364713,Wailau Hawaiian Home Land,hawaiian_home_land,HI
5256,00364740,Wailua Hawaiian Home Land,hawaiian_home_land,HI
5271,00364774,Waimanalo Hawaiian Home Land,hawaiian_home_land,HI
5276,00364785,Waimanu Hawaiian Home Land,hawaiian_home_land,HI
5281,02414262,Waimea Hawaiian Home Land,hawaiian_home_land,HI
5283,00364821,Waiohinu Hawaiian Home Land,hawaiian_home_land,HI
5286,01853042,Waiohuli (Residential) Hawaiian Home Land,hawaiian_home_land,HI
5540,01925075,Caddo-Wichita-Delaware OTSA,hawaiian_home_land,OK
5550,02418810,Cherokee OTSA,hawaiian_home_land,OK
5560,02418814,Cheyenne and Arapaho OTSA,hawaiian_home_land,OK
5580,02418818,Chickasaw OTSA,hawaiian_home_land,OK
5590,02418833,Choctaw OTSA,hawaiian_home_land,OK
5600,01925074,Citizen Potawatomi Nation-Absentee Shawnee OTSA,hawaiian_home_land,OK
5620,01925077,Creek OTSA,hawaiian_home_land,OK
5640,02418563,Eastern Shawnee OTSA,hawaiian_home_land,OK
5670,01925066,Iowa OTSA,hawaiian_home_land,OK
5690,01925070,Kaw OTSA,hawaiian_home_land,OK
5700,02418651,Kickapoo OTSA,hawaiian_home_land,OK
5720,02418654,Kiowa-Comanche-Apache-Fort Sill Apache OTSA,hawaiian_home_land,OK
5730,02418711,Miami OTSA,hawaiian_home_land,OK
5740,02418715,Modoc OTSA,hawaiian_home_land,OK
5760,01925068,Otoe-Missouria OTSA,hawaiian_home_land,OK
5770,02419159,Ottawa OTSA,hawaiian_home_land,OK
5780,01925076,Pawnee OTSA,hawaiian_home_land,OK
5795,02419165,Peoria OTSA,hawaiian_home_land,OK
5800,02419180,Ponca OTSA,hawaiian_home_land,OK
5810,02419193,Quapaw OTSA,hawaiian_home_land,OK
5820,01925067,Sac and Fox OTSA,hawaiian_home_land,OK
5830,01925073,Seminole OTSA,hawaiian_home_land,OK
5835,02419214,Seneca-Cayuga OTSA,hawaiian_home_land,OK
5860,01925069,Tonkawa OTSA,hawaiian_home_land,OK
5890,02419290,Wyandotte OTSA,hawaiian_home_land,OK
5915,01925072,Creek/Seminole joint-use OTSA,hawaiian_home_land,OK
5950,02418647,Kaw/Ponca joint-use OTSA,hawaiian_home_land,OK
5955,02418655,Kiowa-Comanche-Apache-Ft Sill Apache/Caddo-Wichita-Delaware joint-use OTSA,hawaiian_home_land,OK
5970,02418712,Miami/Peoria joint-use OTSA,hawaiian_home_land,OK
6015,02418754,Akhiok ANVSA,alaska_native_village,AK
6020,02418755,Akiachak ANVSA,alaska_native_village,AK
6025,02418757,Akiak ANVSA,alaska_native_village,AK
6030,02418758,Akutan ANVSA,alaska_native_village,AK
6035,02418759,Alakanuk ANVSA,alaska_native_village,AK
6040,02418760,Alatna ANVSA,alaska_native_village,AK
6045,02418763,Aleknagik ANVSA,alaska_native_village,AK
6065,02418765,Algaaciq ANVSA,alaska_native_village,AK
6070,02418766,Allakaket ANVSA,alaska_native_village,AK
6075,02418768,Ambler ANVSA,alaska_native_village,AK
6080,02418769,Anaktuvuk Pass ANVSA,alaska_native_village,AK
6095,02418771,Andreafsky ANVSA,alaska_native_village,AK
6100,02418772,Angoon ANVSA,alaska_native_village,AK
6105,02418773,Aniak ANVSA,alaska_native_village,AK
6125,02418774,Anvik ANVSA,alaska_native_village,AK
6140,02418776,Arctic Village ANVSA,alaska_native_village,AK
6150,02418779,Atka ANVSA,alaska_native_village,AK
6160,02418780,Atmautluak ANVSA,alaska_native_village,AK
6165,02418782,Atqasuk ANVSA,alaska_native_village,AK
6175,02418784,Barrow ANVSA,alaska_native_village,AK
6190,02418786,Beaver ANVSA,alaska_native_village,AK
6195,02418788,Belkofski ANVSA,alaska_native_village,AK
6205,02418790,Bethel ANVSA,alaska_native_village,AK
6225,02418793,Bill Moore's ANVSA,alaska_native_village,AK
6235,02418794,Birch Creek ANVSA,alaska_native_village,AK
6240,02418796,Brevig Mission ANVSA,alaska_native_village,AK
6250,02418797,Buckland ANVSA,alaska_native_village,AK
6255,02418800,Cantwell ANVSA,alaska_native_village,AK
6257,02575178,Canyon Village ANVSA,alaska_native_village,AK
6265,02418804,Chalkyitsik ANVSA,alaska_native_village,AK
6275,02418807,Chefornak ANVSA,alaska_native_village,AK
6280,02418808,Chenega ANVSA,alaska_native_village,AK
6285,02418813,Chevak ANVSA,alaska_native_village,AK
6290,02418816,Chickaloon ANVSA,alaska_native_village,AK
6295,02418820,Chignik ANVSA,alaska_native_village,AK
6300,02418821,Chignik Lagoon ANVSA,alaska_native_village,AK
6305,02418823,Chignik Lake ANVSA,alaska_native_village,AK
6310,02418825,Chilkat ANVSA,alaska_native_village,AK
6315,02418826,Chilkoot ANVSA,alaska_native_village,AK
6325,02418829,Chistochina ANVSA,alaska_native_village,AK
6330,02418831,Chitina ANVSA,alaska_native_village,AK
6335,02418834,Chuathbaluk ANVSA,alaska_native_village,AK
6340,02418835,Chuloonawick ANVSA,alaska_native_village,AK
6350,02418836,Circle ANVSA,alaska_native_village,AK
6360,02418839,Clarks Point ANVSA,alaska_native_village,AK
6365,02418846,Copper Center ANVSA,alaska_native_village,AK
6380,02418849,Council ANVSA,alaska_native_village,AK
6385,02418851,Craig ANVSA,alaska_native_village,AK
6390,02418852,Crooked Creek ANVSA,alaska_native_village,AK
6400,02418551,Deering ANVSA,alaska_native_village,AK
6405,02418554,Dillingham ANVSA,alaska_native_village,AK
6415,02418555,Dot Lake ANVSA,alaska_native_village,AK
6420,02418558,Douglas ANVSA,alaska_native_village,AK
6430,02418560,Eagle ANVSA,alaska_native_village,AK
6440,02418566,Eek ANVSA,alaska_native_village,AK
6445,02418567,Egegik ANVSA,alaska_native_village,AK
6450,02418569,Eklutna ANVSA,alaska_native_village,AK
6455,02418570,Ekuk ANVSA,alaska_native_village,AK
6460,02418571,Ekwok ANVSA,alaska_native_village,AK
6470,02575181,Elim ANVSA,alaska_native_village,AK
6480,02418573,Emmonak ANVSA,alaska_native_village,AK
6490,02418575,Evansville ANVSA,alaska_native_village,AK
6495,02418578,Eyak ANVSA,alaska_native_village,AK
6500,02418579,False Pass ANVSA,alaska_native_village,AK
6515,02418585,Fort Yukon ANVSA,alaska_native_village,AK
6520,02418592,Gakona ANVSA,alaska_native_village,AK
6525,02418594,Galena ANVSA,alaska_native_village,AK
6530,02418595,Gambell ANVSA,alaska_native_village,AK
6535,02418598,Georgetown ANVSA,alaska_native_village,AK
6540,02418601,Golovin ANVSA,alaska_native_village,AK
6545,02418602,Goodnews Bay ANVSA,alaska_native_village,AK
6550,02418603,Grayling ANVSA,alaska_native_village,AK
6560,02418604,Gulkana ANVSA,alaska_native_village,AK
6570,02418609,Hamilton ANVSA,alaska_native_village,AK
6575,02418613,Healy Lake ANVSA,alaska_native_village,AK
6585,02418617,Holy Cross ANVSA,alaska_native_village,AK
6590,02418618,Hoonah ANVSA,alaska_native_village,AK
6595,02418619,Hooper Bay ANVSA,alaska_native_village,AK
6605,02418621,Hughes ANVSA,alaska_native_village,AK
6610,02418622,Huslia ANVSA,alaska_native_village,AK
6615,02418623,Hydaburg ANVSA,alaska_native_village,AK
6620,02418625,Igiugig ANVSA,alaska_native_village,AK
6625,02418627,Iliamna ANVSA,alaska_native_village,AK
6630,02418629,Inalik ANVSA,alaska_native_village,AK
6650,02418632,Ivanof Bay ANVSA,alaska_native_village,AK
6670,02418635,Kake ANVSA,alaska_native_village,AK
6680,02418636,Kaktovik ANVSA,alaska_native_village,AK
6685,02418638,Kalskag ANVSA,alaska_native_village,AK
6690,02418639,Kaltag ANVSA,alaska_native_village,AK
6700,02418641,Karluk ANVSA,alaska_native_village,AK
6705,02418643,Kasaan ANVSA,alaska_native_village,AK
6710,02418644,Kasigluk ANVSA,alaska_native_village,AK
6720,02418648,Kenaitze ANVSA,alaska_native_village,AK
6725,02575182,Ketchikan ANVSA,alaska_native_village,AK
6730,02418650,Kiana ANVSA,alaska_native_village,AK
6735,02418652,King Cove ANVSA,alaska_native_village,AK
6740,02575183,King Salmon ANVSA,alaska_native_village,AK
6750,02418656,Kipnuk ANVSA,alaska_native_village,AK
6755,02418658,Kivalina ANVSA,alaska_native_village,AK
6765,02418659,Klawock ANVSA,alaska_native_village,AK
6785,02418661,Knik ANVSA,alaska_native_village,AK
6790,02418664,Kobuk ANVSA,alaska_native_village,AK
6795,02575184,Kodiak ANVSA,alaska_native_village,AK
6800,02418666,Kokhanok ANVSA,alaska_native_village,AK
6810,02418669,Kongiganak ANVSA,alaska_native_village,AK
6815,02418671,Kotlik ANVSA,alaska_native_village,AK
6820,02418672,Kotzebue ANVSA,alaska_native_village,AK
6825,02418673,Koyuk ANVSA,alaska_native_village,AK
6830,02418674,Koyukuk ANVSA,alaska_native_village,AK
6835,02418675,Kwethluk ANVSA,alaska_native_village,AK
6840,02418676,Kwigillingok ANVSA,alaska_native_village,AK
6845,02418678,Kwinhagak ANVSA,alaska_native_village,AK
6850,02575185,Lake Minchumina ANVSA,alaska_native_village,AK
6855,02418682,Larsen Bay ANVSA,alaska_native_village,AK
6860,02575186,Lesnoi ANVSA,alaska_native_village,AK
6865,02418684,Levelock ANVSA,alaska_native_village,AK
6875,02418686,Lime Village ANVSA,alaska_native_village,AK
6890,02418690,Lower Kalskag ANVSA,alaska_native_village,AK
6895,02418700,McGrath ANVSA,alaska_native_village,AK
6900,02418694,Manley Hot Springs ANVSA,alaska_native_village,AK
6905,02418696,Manokotak ANVSA,alaska_native_village,AK
6910,02418697,Marshall ANVSA,alaska_native_village,AK
6915,02418698,Mary's Igloo ANVSA,alaska_native_village,AK
6935,02418705,Mekoryuk ANVSA,alaska_native_village,AK
6945,02418707,Mentasta Lake ANVSA,alaska_native_village,AK
6965,02418713,Minto ANVSA,alaska_native_village,AK
6975,02418719,Mountain Village ANVSA,alaska_native_village,AK
6990,02418721,Naknek ANVSA,alaska_native_village,AK
6995,02418725,Nanwalek ANVSA,alaska_native_village,AK
7005,02418727,Napaimute ANVSA,alaska_native_village,AK
7010,02418728,Napakiak ANVSA,alaska_native_village,AK
7020,02418729,Napaskiak ANVSA,alaska_native_village,AK
7025,02418732,Nelson Lagoon ANVSA,alaska_native_village,AK
7030,02418734,Nenana ANVSA,alaska_native_village,AK
7035,02418738,Newhalen ANVSA,alaska_native_village,AK
7040,02418736,New Koliganek ANVSA,alaska_native_village,AK
7050,02418737,New Stuyahok ANVSA,alaska_native_village,AK
7055,02418739,Newtok ANVSA,alaska_native_village,AK
7065,02418741,Nightmute ANVSA,alaska_native_village,AK
7070,02418744,Nikolai ANVSA,alaska_native_village,AK
7075,02418745,Nikolski ANVSA,alaska_native_village,AK
7080,02418747,Ninilchik ANVSA,alaska_native_village,AK
7085,02418749,Noatak ANVSA,alaska_native_village,AK
7095,02575187,Nome ANVSA,alaska_native_village,AK
7100,02419145,Nondalton ANVSA,alaska_native_village,AK
7110,02419146,Noorvik ANVSA,alaska_native_village,AK
7115,02419147,Northway ANVSA,alaska_native_village,AK
7125,02419151,Nuiqsut ANVSA,alaska_native_village,AK
7130,02419152,Nulato ANVSA,alaska_native_village,AK
7133,02419153,Nunam Iqua ANVSA,alaska_native_village,AK
7135,02419154,Nunapitchuk ANVSA,alaska_native_village,AK
7145,02419155,Ohogamiut ANVSA,alaska_native_village,AK
7150,02419156,Old Harbor ANVSA,alaska_native_village,AK
7175,02419157,Oscarville ANVSA,alaska_native_village,AK
7180,02419160,Ouzinkie ANVSA,alaska_native_village,AK
7185,02419161,Paimiut ANVSA,alaska_native_village,AK
7205,02419163,Pedro Bay ANVSA,alaska_native_village,AK
7215,02419166,Perryville ANVSA,alaska_native_village,AK
7220,02575188,Petersburg ANVSA,alaska_native_village,AK
7225,02419169,Pilot Point ANVSA,alaska_native_village,AK
7230,02419170,Pilot Station ANVSA,alaska_native_village,AK
7235,02419171,Pitkas Point ANVSA,alaska_native_village,AK
7245,02419173,Platinum ANVSA,alaska_native_village,AK
7250,02419176,Point Hope ANVSA,alaska_native_village,AK
7255,02419177,Point Lay ANVSA,alaska_native_village,AK
7260,02419189,Portage Creek ANVSA,alaska_native_village,AK
7263,02575189,Port Alsworth ANVSA,alaska_native_village,AK
7265,02419184,Port Graham ANVSA,alaska_native_village,AK
7270,02419186,Port Heiden ANVSA,alaska_native_village,AK
7275,02419187,Port Lions ANVSA,alaska_native_village,AK
7300,02419195,Rampart ANVSA,alaska_native_village,AK
7305,02419197,Red Devil ANVSA,alaska_native_village,AK
7310,02419201,Ruby ANVSA,alaska_native_village,AK
7315,02419202,Russian Mission ANVSA,alaska_native_village,AK
7340,02419228,St. George ANVSA,alaska_native_village,AK
7375,02419229,St. Michael ANVSA,alaska_native_village,AK
7390,02419230,St. Paul ANVSA,alaska_native_village,AK
7400,02419203,Salamatof ANVSA,alaska_native_village,AK
7410,02419207,Sand Point ANVSA,alaska_native_village,AK
7415,02419208,Savoonga ANVSA,alaska_native_village,AK
7420,02419209,Saxman ANVSA,alaska_native_village,AK
7425,02419210,Scammon Bay ANVSA,alaska_native_village,AK
7430,02419211,Selawik ANVSA,alaska_native_village,AK
7435,02419212,Seldovia ANVSA,alaska_native_village,AK
7440,02419215,Shageluk ANVSA,alaska_native_village,AK
7450,02419216,Shaktoolik ANVSA,alaska_native_village,AK
7465,02419217,Shishmaref ANVSA,alaska_native_village,AK
7470,02419218,Shungnak ANVSA,alaska_native_village,AK
7475,02575190,Sitka ANVSA,alaska_native_village,AK
7485,02575191,Skagway ANVSA,alaska_native_village,AK
7495,02419223,Sleetmute ANVSA,alaska_native_village,AK
7500,02419225,Solomon ANVSA,alaska_native_village,AK
7505,02419226,South Naknek ANVSA,alaska_native_village,AK
7510,02419232,Stebbins ANVSA,alaska_native_village,AK
7520,02419234,Stevens Village ANVSA,alaska_native_village,AK
7525,02419236,Stony River ANVSA,alaska_native_village,AK
7530,02419241,Takotna ANVSA,alaska_native_village,AK
7535,02419244,Tanacross ANVSA,alaska_native_village,AK
7540,02419247,Tanana ANVSA,alaska_native_village,AK
7555,02419248,Tatitlek ANVSA,alaska_native_village,AK
7560,02419250,Tazlina ANVSA,alaska_native_village,AK
7565,02419252,Telida ANVSA,alaska_native_village,AK
7570,02419253,Teller ANVSA,alaska_native_village,AK
7580,02419255,Tetlin ANVSA,alaska_native_village,AK
7605,02419257,Togiak ANVSA,alaska_native_village,AK
7625,02419259,Toksook Bay ANVSA,alaska_native_village,AK
7630,02419263,Tuluksak ANVSA,alaska_native_village,AK
7640,02419265,Tuntutuliak ANVSA,alaska_native_village,AK
7645,02419267,Tununak ANVSA,alaska_native_village,AK
7650,02419269,Twin Hills ANVSA,alaska_native_village,AK
7655,02419272,Tyonek ANVSA,alaska_native_village,AK
7665,02419274,Ugashik ANVSA,alaska_native_village,AK
7690,02419276,Unalakleet ANVSA,alaska_native_village,AK
7695,02419277,Unalaska ANVSA,alaska_native_village,AK
7705,02813268,Uyak ANVSA,alaska_native_village,AK
7725,02575192,Venetie ANVSA,alaska_native_village,AK
7735,02419281,Wainwright ANVSA,alaska_native_village,AK
7740,02419282,Wales ANVSA,alaska_native_village,AK
7745,02419284,White Mountain ANVSA,alaska_native_village,AK
7755,02575193,Wrangell ANVSA,alaska_native_village,AK
7765,02419292,Yakutat ANVSA,alaska_native_village,AK
8100,02418802,Cayuga Nation TDSA,tribal_designated_statistical_area,NY
8150,02418815,Chickahominy TDSA,tribal_designated_statistical_area,VA
8160,02418562,Eastern Chickahominy TDSA,tribal_designated_statistical_area,VA
8300,02418631,Ione Band of Miwok TDSA,tribal_designated_statistical_area,CA
8450,02418703,Mechoopda TDSA,tribal_designated_statistical_area,CA
8700,02813263,Rappahannock TDSA,tribal_designated_statistical_area,VA
8750,02419206,Samish TDSA,tribal_designated_statistical_area,WA
9100,01930930,Golden Hill Paugussett Reservation,state_designated_tribal_statistical_area,CT
9150,02418958,Hassanamisco Reservation,state_designated_tribal_statistical_area,MA
9230,01470191,Mattaponi Reservation,state_designated_tribal_statistical_area,VA
9240,02419024,MOWA Choctaw Reservation,state_designated_tribal_statistical_area,AL
9260,01472036,Pamunkey Reservation,state_designated_tribal_statistical_area,VA
9280,00209709,Paucatuck Eastern Pequot Reservation,state_designated_tribal_statistical_area,CT
9300,00979384,Poospatuck Reservation,state_designated_tribal_statistical_area,NY
9350,00210687,Schaghticoke Reservation,state_designated_tribal_statistical_area,CT
9370,00979494,Shinnecock Reservation,state_designated_tribal_statistical_area,NY
9400,02419487,Tama Reservation,state_designated_tribal_statistical_area,GA
9510,02418753,Adai Caddo SDTSA,state_designated_tribal_statistical_area,LA
9515,02418775,Apache Choctaw SDTSA,state_designated_tribal_statistical_area,LA
9520,02813272,Bayou Lafourche SDTSA,state_designated_tribal_statistical_area,LA
9525,02564992,Beaver Creek SDTSA,state_designated_tribal_statistical_area,SC
9550,02418812,Cher-O-Creek SDTSA,state_designated_tribal_statistical_area,AL
9560,02418811,Cherokee Tribe of Northeast Alabama SDTSA,state_designated_tribal_statistical_area,AL
9630,02418840,Clifton Choctaw SDTSA,state_designated_tribal_statistical_area,LA
9635,02418841,Coharie SDTSA,state_designated_tribal_statistical_area,NC
9680,02418564,Echota Cherokee SDTSA,state_designated_tribal_statistical_area,AL
9690,02813269,Edisto Natchez Kusso SDTSA,state_designated_tribal_statistical_area,SC
9720,02418587,Four Winds Cherokee SDTSA,state_designated_tribal_statistical_area,LA
9730,02813265,Georgia Tribe of Eastern Cherokee SDTSA,state_designated_tribal_statistical_area,GA
9735,02813270,Grand Caillou/Dulac SDTSA,state_designated_tribal_statistical_area,LA
9745,02418608,Haliwa-Saponi SDTSA,state_designated_tribal_statistical_area,NC
9775,02813262,Isle de Jean Charles SDTSA,state_designated_tribal_statistical_area,LA
9800,02575194,Lenape Indian Tribe of Delaware SDTSA,state_designated_tribal_statistical_area,DE
9815,02418691,Lumbee SDTSA,state_designated_tribal_statistical_area,NC
9820,02418693,MaChis Lower Creek SDTSA,state_designated_tribal_statistical_area,AL
9825,02418704,Meherrin SDTSA,state_designated_tribal_statistical_area,NC
9830,02418723,Nanticoke Indian Tribe SDTSA,state_designated_tribal_statistical_area,DE
9835,02418724,Nanticoke Lenni Lenape SDTSA,state_designated_tribal_statistical_area,NJ
9836,02813264,Natchitoches SDTSA,state_designated_tribal_statistical_area,LA
9838,02564991,Occaneechi-Saponi SDTSA,state_designated_tribal_statistical_area,NC
9844,02564993,Pee Dee SDTSA,state_designated_tribal_statistical_area,SC
9849,02813271,Pointe-au-Chien SDTSA,state_designated_tribal_statistical_area,LA
9850,02419194,Ramapough SDTSA,state_designated_tribal_statistical_area,NJ
9865,02418630,Sappony SDTSA,state_designated_tribal_statistical_area,NC
9875,02564994,Santee SDTSA,state_designated_tribal_statistical_area,SC
9880,02419231,Southeastern Mvskoke Nation SDTSA,state_designated_tribal_statistical_area,AL
9950,02575195,United Cherokee Ani-Yun-Wiya Nation SDTSA,state_designated_tribal_statistical_area,AL
9960,02419278,United Houma Nation SDTSA,state_designated_tribal_statistical_area,LA
9963,02564995,Upper South Carolina Pee Dee SDTSA,state_designated_tribal_statistical_area,SC
9967,02564996,Waccamaw SDTSA,state_designated_tribal_statistical_area,SC
9970,02419280,Waccamaw Siouan SDTSA,state_designated_tribal_statistical_area,NC
9975,02584541,Wassamasaw SDTSA,state_designated_tribal_statistical_area,SC
